﻿{"cameraMode":{"drawMode":0,"name":"Shaded","section":"Shading Mode"},"sceneLighting":true,"audioPlay":false,"sceneViewState":{"showFog":true,"showMaterialUpdate":false,"showSkybox":true,"showFlares":true,"showImageEffects":true,"showParticleSystems":true},"in2DMode":false,"pivot":{"x":1.29461669921875,"y":6.468685150146484,"z":-1.1104779243469239},"rotation":{"x":0.4103429913520813,"y":-0.14186953008174897,"z":0.0647929385304451,"w":0.8984951376914978},"size":15.689992904663086,"orthographic":false}